{"utenti":[
	{"nome":"admin",
	 "psw":"admin",
	 "domanda":"Il tuo migliore amico delle medie?",
	 "risposta":"admin"},

	{"nome":"emanuele",
	 "psw":"Emanuele",
	 "domanda":"Il tuo colore preferito?",
	 "risposta":"bianconero"},

	{"nome":"CR7",
	 "psw":"sium",
	 "domanda":"La tua squadra del cuore?",
	 "risposta":"Al-Nassr"},

	{"nome":"Messi",
	 "psw":"ankaraMessi",
	 "domanda":"Il nome del tuo primo animale?",
	 "risposta":"GOAT"},

	{"nome":"Gordon_Ramsey",
	 "psw":"badacomelafuma",
	 "domanda":"Il tuo primo lavoro svolto?",
	 "risposta":"cuoco"}],

  "ricette":[
	{"autore":"admin",
	"titolo":"Crema pasticcera",
	"difficolta":"Facile",
	"preparazione":"15",
	"cottura":"8",
	"numeroDosi":"circa 750 g di crema",
	"costo":"Basso",
	"presentazione":"Uova, latte, zucchero e vaniglia. Pochi ingredienti per una delle creme piu'' amate: la crema pasticcera. Scpriamo insieme al Maestro Pasticciere Iginio Massari come fare la crema pasticcera perfetta. Questa crema e'' tra le piu'' usate in pasticceria, insieme a chantilly o lo zabaione, per farcire moltissimi dolci. Nei bigne'', nei dolci di pasta sfoglia (come cannoncini, vol-au-vent, millefoglie), ma anche tra gli strati morbidi del piu'' classico Pan di Spagna la crema pasticcera e'' sempre la benvenuta, anche aromatizzata: pistacchio, limone, nocciole, arancia! Questa preparazione di base di pasticceria serve anche a realizzare semifreddi, budini e tanti dolci al cucchiaio, come la nostra deliziosa torta mattonella; inoltre e'' una componente fondamentale di altre creme di pasticceria, per esempio la diplomatica e la mousseline. E'' una preparazione molto versatile: basta modificare appena le dosi di alcuni ingredienti per ottenere consistenze diverse e appropriate all''uso che ne farete! Ad esempio per addensarla maggiormente e'' sufficiente utilizzare piu'' amido di mais, al contrario dovrete diminuire la dose nel caso vorreste gustarla al cucchiaio. Seguite il procedimento passo passo con il Maestro Pasticciere Iginio Massari e scoprite tutti gli accorgimenti per prepararla!",
	"ingredienti":[{"nome":"Latte intero",
			    "quantita":"500 g"},
			   {"nome":"Zucchero",
			    "quantita":"130 g"},
			   {"nome":"Tuorli",
			    "quantita":"125 g (circa 7)"},
			   {"nome":"Amido di riso",
			    "quantita":"40 g"},
			   {"nome":"Baccello di vaniglia",
			    "quantita":"2"},
			   {"nome":"Scorza di limone",
			    "quantita":"mezza"}],
	"passi":["Per preparare la crema pasticcera come prima cosa inserite in freezer una ciotola di vetro. A questo punto ricavate i semi dalla vaniglia e tagliate i baccelli in pezzi. Versate il latte in un tegame e aggiungete sia i semi che i baccelli della vaniglia.",
		   "Ricavate dal limone la scorza, prelevando solo la parte gialla, e unitela nel tegame. Accendete il fuoco e scaldate il tutto portando a bollore e mescolando di tanto in tanto. In un altro tegame versate i tuorli, lo zucchero e l''amido di riso. Utilizzando un frustino morbido mescolate per ottenere una consistenza cremosa e liscia.",
		   "Non appena il latte sfiorera il bollore, trasferitelo all''interno dei tuorli in 3 volte filtrandolo con un colino e mescolando sempre con la frusta. Trasferite di nuovo sul fuoco e mescolate in continuazione fino a che non si sara addensata.",
		   "Per raffreddarla velocemente riprendete la ciotola dal freezer e versate la crema all''interno. Mescolate con una frusta molto velocemente, fino a che non avrete portato la crema a 50°, al di sotto del punto di cottura. Dovrete ottenere una crema liscia e molto lucida. A questo punto la crema pasticcera e'' pronta, potrete utilizzarla o conservarla in frigorifero coprendola con pellicola."],
	"conservazione":"La crema pasticcera si puo'' conservare in frigorifero coperta da una pellicola per 5 giorni. In alternativa e'' possibile congelarla per 1 mese.",
	"suggerimenti":"Utilizzate l''amido di riso per ottenere una crema piu'' morbida, altrimenti se preferite una crema piu'' consistente utilizzate la stessa dose di amido di mais.",
	"tags":["Dolci",
		  "Dolci veloci",
		  "Piatti vegetariani",
		  "Grandi classici"]},

	{"autore":"admin",
	"titolo":"Spaghetti alla Carbonara",
	"difficolta":"Facile",
	"preparazione":"15",
	"cottura":"10",
	"numeroDosi":"4 persone",
	"costo":"Basso",
	"presentazione":"Dove sono nati gli spaghetti alla Carbonara? Il Vicolo della Scrofa, per chi conosce Roma, e'' una delle stradine piu'' caratteristiche e ricche di simboli. Proprio in una trattoria di questa strada, da cui il nome del vicolo, pare sia stata realizzata la prima carbonara, nel 1944. La storia piu'' attendibile su questo primo piatto, infatti, racconta l''incontro tra gli ingredienti a disposizione dei soldati americani e la fantasia di un cuoco romano. Il risultato fu il prototipo degli spaghetti alla carbonara: uova, bacon (poi guanciale) e formaggio. Man a mano la ricetta e'' evoluta fino a quella che tutti conosciamo oggi e possiamo apprezzare a casa di amici romani veraci (e voraci!), nelle trattorie come nei ristoranti stellati della Capitale, in tutta Italia e all''estero, nelle innumerevoli versioni: con o senza pepe, con un tuorlo per persona o l''aggiunta di almeno un uovo intero, con guanciale o pancetta tesa.Il condimento per la carbonara si prepara in una manciata di minuti. Pensate che occorrono soltanto guanciale speziato tagliato a striscioline, una crema dorata a base di tuorli (nella nostra versione) e tanto Pecorino romano grattugiato al momento. Nella sua semplicita e nella ricchezza delle materie prime, la ricetta degli spaghetti alla carbonara e'' parente stretta di altri due capisaldi della cucina genuina italiana: l''amatriciana e la gricia! Strizza l''occhio anche alla pasta alla zozzona, un piatto robusto che unisce il meglio delle preparazioni di base della cucina laziale.",
	"ingredienti":[{"nome":"Spaghetti",
			    "quantita":"320 g"},
			   {"nome":"Guanciale",
			    "quantita":"150 g"},
			   {"nome":"Tuorli",
			    "quantita":"6 (di uova medie)"},
			   {"nome":"Pecorino romano",
			    "quantita":"50 g"},
			   {"nome":"Pepe nero",
			    "quantita":"q.b."}],
	"passi":["Per preparare gli spaghetti alla carbonara cominciate mettendo sul fuoco una pentola con l''acqua salata per cuocere la pasta. Nel frattempo eliminate la cotenna dal guanciale e tagliatelo prima a fette e poi a striscioline spesse circa 1cm. La cotenna avanzata potra essere riutilizzata per insaporire altre preparazioni. ",
		   "Versate i pezzetti di guanciale in una padella antiaderente e rosolate per circa 10 minuti a fiamma medio alta, fate attenzione a non bruciarlo altrimenti rilascera un aroma troppo forte. Nel frattempo tuffate gli spaghetti nell''acqua bollente e cuoceteli al dente. Intanto versate i tuorli in una ciotola.",
		   "Aggiungete il Pecorino e insaporite con il pepe nero. Amalgamate il tutto con una frusta a mano, sino ad ottenere una crema liscia.",
		   "Intanto il guanciale sara giunto a cottura; spegnete il fuoco e utilizzando un mestolo prelevatelo dalla padella, lasciando il fondo di cottura all''interno della padella stessa. Trasferite il guanciale in una ciotolina e tenetelo da parte. Versate una mestolata d''acqua della pasta in padella, insieme al grasso del guanciale.",
		   "Scolate la pasta al dente direttamente nel tegame con il fondo di cottura. Saltatela brevemente per insaporirla. Togliete dal fuoco e versate il composto di uova e Pecorino nel tegame. Mescolate velocemente per amalgamare.",
		   "Per renderla ben cremosa, al bisogno, potete aggiungere poca acqua di cottura della pasta. Aggiungete il guanciale, mescolate un''ultima volta e servite subito gli spaghetti alla carbonara aggiungendo ancora del pecorino in superficie e un pizzico di pepe nero."],
	"conservazione":"Consigliamo di consumare al momento gli spaghetti alla carbonara.",
	"suggerimenti":"Il guanciale non dovra essere rosolato troppo, altrimenti potrebbe rilasciare un gusto amarognolo. Inoltre e'' bene aggiungere il guanciale solo all''ultimo per mantenere la sua croccantezza.",
	"tags":["Primi",
		  "Piatti veloci"]},

	{"autore":"emanuele",
	"titolo":"Biscotti della fortuna",
	"difficolta":"Difficile",
	"preparazione":"15",
	"cottura":"13",
	"numeroDosi":"15 pezzi",
	"costo":"Basso",
	"presentazione":"Trovare il regalo perfetto per la persona amata e'' sempre un''ardua impresa e spesso si rischia di strafare pur di assicurarsi l''effetto sorpresa. A volte pero'' le parole valgono piu'' dei gioielli, soprattutto quando sono sentite e inaspettate… nascondete una tenera dedica all''interno dei biscotti della fortuna e avrete realizzato in poco tempo un regalo dolcissimo, di quelli che ognuno vorrebbe ricevere almeno una volta nella vita! Tipicamente serviti a fine pasto nei ristoranti cinesi, questi croccanti dolcetti custodiscono solitamente aforismi o messaggi di buon auspicio che potrete personalizzare e dedicare alle persone a voi piu'' care… perfetti per San Valentino, per la festa della mamma o per sollevare un amico in difficolta, i biscotti della fortuna non sono solo un romantico dessert per due, ma un modo originale e delicato per comunicare i nostri sentimenti senza doverli esprimere ad alta voce. E voi, invece, cosa vorreste sentirvi dire?",
	"ingredienti":[{"nome":"Zucchero",
			    "quantita":"110 g"},
			   {"nome":"Albumi",
			    "quantita":"75 g (2 uova medie)"},
			   {"nome":"Farina 00",
			    "quantita":"75 g"},
			   {"nome":"Amido di mais (maizena)",
			    "quantita":"13 g"},
			   {"nome":"Olio extravergine di oliva",
			    "quantita":"15 g"},
			   {"nome":"Farina di riso",
			    "quantita":"20 g"},
			   {"nome":"Essenza di vaniglia",
			    "quantita":"1 goccia"},
			   {"nome":"Acqua",
			    "quantita":"1 goccia"}],
	"passi":["Per realizzare i biscotti della fortuna, per prima cosa preparate l''impasto: versate gli albumi e lo zucchero in una ciotola e sbattete con una frusta per amalgamarli, ma senza montarli a neve",
		   "Unite l''olio e l''aroma di vaniglia 4 e mescolate ancora 5. Ora setacciate la farina 00, la farina di riso e l''amido di mais all''interno della ciotola.",
		   "Lavorate con la frusta per amalgamare le polveri al composto 7. Infine aggiungete la punta di un cucchiaino d''acqua 8 e mescolate ulteriormente 9. L''impasto dovra risultare piuttosto denso.",
		   "Preriscaldate il forno a 170° in modalita statica. Nel frattempo foderate una teglia con carta forno (se ne siete in possesso, potete utilizzare un tappetino in silicone), versatevi sopra un cucchiaio di impasto e spandetelo uniformemente con il dorso del cucchiaio senza lasciare buchi 10, fino ad ottenere un cerchio del diametro di 10 cm 11. Potete stenderne anche un altro distante qualche centimetro dall''altro. Non infornate piu'' di due dischi alla volta per facilitare le operazioni successive. Quando il forno sara arrivato a temperatura, cuocete i biscotti per circa 10 minuti: il tempo di cottura potrebbe variare leggermente da biscotto a biscotto, quindi prima di sfornarli controllate che il bordo sia dorato e che anche la superficie sia leggermente colorita.",
		   "Una volta sfornati, girateli sull''altro lato e posizionate il bigliettino al centro, mentre il biscotto e'' ancora caldo 13. Avvicinate i lembi delicatamente per piegare a meta il biscotto con il biglietto all''interno, senza pero'' far combaciare del tutto le estremita 14. Aiutatevi con l''orlo di una tazza per fare pressione sulla parte inferiore del biscotto e piegare le due estremita verso il basso, dopodiche'' premete delicatamente i bordi per sigillarlo 16. Inserite i biscotti cosi'' formati all''interno di uno stampo da muffin e lasciateli raffreddare in modo che mantengano la forma 17. Una volta raffreddati, i vostri biscotti della fortuna sono pronti per essere gustati!"],
	"conservazione":"I biscotti della fortuna si possono conservare all''interno di un barattolo di latta o in un sacchetto di carta per circa 5 giorni. Si sconsigliano altre forme di conservazione.",
	"suggerimenti":"Per stendere l''impasto in modo omogeneo e'' consigliabile preriscaldare leggermente la teglia. In alternativa, potete utilizzare un tappetino in silicone che vi permettera di ottenere dei biscotti piu'' lisci in superficie; in questo caso il modo di preparazione e i tempi di cottura rimangono invariati. Non vi preoccupate se ai primi tentativi non otterrete un risultato ottimale, bastera prenderci la mano!",
	"tags":["Dolci",
		  "Dolci veloci",
		  "Piatti veloci",
		  "Piatti vegetariani",
		  "Ricette al forno",
		  "Finger food"]},

	{"autore":"emanuele",
	"titolo":"Brutti ma buoni",
	"difficolta":"Facile",
	"preparazione":"30",
	"cottura":"45",
	"numeroDosi":"20 pezzi",
	"costo":"Basso",
	"presentazione":"L''apparenza inganna recita l''adagio popolare e i brutti ma buoni ne sono la dimostrazione. Proprio come nelle fiabe, sotto l''aspetto grezzo e irregolare di questi biscotti si cela una bonta pura e genuina! Sara per questo motivo che riscuotono sempre un grande successo e appartengono ormai di diritto alla tradizione dolciaria di tutto lo Stivale, soprattutto nel periodo natalizio! Preparati con un composto di meringa e granella di nocciole, i brutti ma buoni sono dolcetti poveri originari del nord Italia, che si sono diffusi con piccole varianti ma mantengono inalterata l''essenza di una ricetta che ha nella semplicita il segreto del proprio successo. Che siate amanti dei brutti ma buoni o non li abbiate ancora mai provati, oggi e'' il giorno giusto per cominciare a prepararli in casa: seguite la nostra ricetta passo passo e godetevi il lieto fine!",
	"ingredienti":[{"nome":"Nocciole intere spellate",
			    "quantita":"300 g"},
			   {"nome":"Zucchero",
			    "quantita":"200 g"},
			   {"nome":"Albumi",
			    "quantita":"(temperatura ambiente) 150 g"},
			   {"nome":"Baccello di vaniglia",
			    "quantita":"(polpa) 1"}],
	"passi":["Per realizzare i brutti ma buoni per prima cosa tritate le nocciole in un mixer fino ad ottenere una granella non eccessivamente fine. Tenete da parte e versate gli albumi nella ciotola di una planetaria munita di frusta.",
		   "Cominciate a montare e unite i semi della bacca di vaniglia. Quando gli albumi diventeranno chiari e spumosi aggiungete lo zucchero, poco per volta. Continuate a montare a velocita media per altri 5 minuti: dovrete ottenere un composto fermo e sodo, con la classica punta.",
		   "Incorporate la granella di nocciole alla meringa, mescolando delicatamente dal basso verso l''alto con una spatola. Trasferite il composto in una pentola di acciaio e cuocete a fuoco medio o medio-alto per circa 15 minuti, mescolando continuamente con una spatola morbida.",
		   "Quando il composto si sara compattato, formate dei mucchietti su una leccarda foderata con carta forno aiutandovi con 2 cucchiai e distanziandoli uno dall''altro. Cuocete in forno statico preriscaldato a 130° per 40-45 minuti: dovranno asciugarsi senza bruciare. Una volta cotti, sfornate e lasciate raffreddare completamente i brutti ma buoni prima di gustarli!"],
	"conservazione":"I brutti ma buoni si possono conservare per 7-8 giorni in una scatola di latta.",
	"suggerimenti":"Se preferite potete aromatizzare i brutti ma buoni con un pizzico di cannella in sostituzione della vaniglia!",
	"tags":["Dolci",
		  "Ricette al forno"]},

	{"autore":"CR7",
	"titolo":"Polpette di carne",
	"difficolta":"Facile",
	"preparazione":"20",
	"cottura":"30",
	"numeroDosi":"32 pezzi",
	"costo":"Basso",
	"presentazione":"Le polpette di carne sono una ricetta semplice da realizzare come secondo piatto: magari per cena! Questi teneri bocconcini di carne macinata insaporita con formaggio, uovo e prezzemolo non possono davvero mancare nel menu'' di un bel banchetto festoso o di un pranzo domenicale in famiglia. In questa versione proponiamo la cottura in padella, ma grazie alla loro versatilita potete cuocere le polpette in diversi modi altrettanto invitanti: al forno, fritte, in bianco o al sugo, per esempio! Servitele calde'' con il pure'' di patate, o con una fresca insalata... nessuno potra resistere a queste deliziose polpette di carne!",
	"ingredienti":[{"nome":"Manzo",
			    "quantita":"macinato 350 g"},
			   {"nome":"Maiale",
			    "quantita":"macinato 150 g"},
			   {"nome":"Pane",
			    "quantita":"(mollica grattugiata) 60 g"},
			   {"nome":"Parmigiano Reggiano DOP",
			    "quantita":"80 g"},
			   {"nome":"Uova medie",
			    "quantita":"1"},
			   {"nome":"Sale fino",
			    "quantita":"q.b"},
			   {"nome":"Pepe nero",
			    "quantita":"q.b."},
			   {"nome":"Prezzemolo",
			    "quantita":"1 ciuffo"},
			   {"nome":"Olio di semi",
			    "quantita":"q.b."}],
	"passi":["Per preparare le polpette di carne, in una ciotola unite la carne trita di manzo e quella di maiale, l''uovo, la mollica di pane fresco frullata e il prezzemolo tritato.",
		   "nsaporite con sale e pepe e amalgamate bene tutti gli ingredienti, impastate energicamente cosi'' da ottenere un composto omogeneo. Fate riposare 30 minuti l''impasto coperto in frigo. Dopo il riposo riprendete l''impasto dal frigo e con le mani umide prelevate 25 g di composto e facendolo roteare tra le mani dategli una forma tonda. La prima polpetta e'' pronta.",
		   "Man mano che le formate, appoggiatele su un vassoio. Scaldate circa un dito d''olio in una padella antiaderente. La quantita di olio deve arrivare a meta delle polpetta. Quando l''olio e'' caldo immergete le polpette all''interno, facendo attenzione.",
		   "Rosolate bene le polpette su tutti i lati, ci vorranno circa 6-7 minuti. A questo punto coprite con un coperchio e cuocete per altri 3 minuti, cosi'' si cuoceranno anche al cuore. Le polpette di carne sono pronte."],
	"conservazione":"Potete conservare le polpette di carne in frigorifero per un paio di giorni, chiuse in un contenitore ermetico o coperte con pellicola trasparente. Se avete usato solo ingredienti freschi, potete anche congelarle nella stessa modalita e aspettando che si siano raffreddate completamente. Potete conservare l''impasto in frigorifero per 24 ore. Potete anche congelare le polpette crude gia formate.",
	"suggerimenti":"Potete insaporire l''impasto con un peperoncino fresco sminuzzato, con le erbe e spezie che preferite oppure sostuire il Parmigiano Reggiano con il pecorino. Se preferite potete aggiungere all''impasto anche uno spicchio d''aglio grattugiato. Potete cuocere le polpette anche in abbondante olio di semi.",
	"tags":["Secondi piatti",
		  "Carne"]},

	{"autore":"CR7",
	"titolo":"Spaghetti cacio e pepe",
	"difficolta":"Media",
	"preparazione":"15",
	"cottura":"15",
	"numeroDosi":"4 persone",
	"costo":"Basso",
	"presentazione":"Si la vita e'' un mozzico, qui mozzichi bene. Questa e'' una delle frasi tipiche che introducono i menu'' nelle trattorie o fraschette romane. Ma la Carbonara e l''Amatriciana, come gli spaghetti cacio e pepe, sono diventati oramai piatti simbolo dell''italianita, realizzati con ingredienti DOP legati alle tradizioni dei territori in cui sono nate. Un''eccellenza che dalle tovaglie a quadretti arriva nelle cucine dei grandi Chef, come nel caso degli spaghetti cacio, pepe e ricci di mare. Anche noi vogliamo rendere omaggio ad uno dei simboli del mangiar bene e genuino, mostrandovi come eseguire una perfetta cacio e pepe! La combinazione chimica di acqua e proteine del Pecorino, fondamentale per ottenere una crema senza grumi, i grani di pepe interi schiacciati al momento e tostati in padella per sprigionare tutto il loro profumo pungente, la pasta mantecata lentamente per assorbire tutto il sapore del Pecorino romano… e soprattutto, preparare e gustare: un''altra regola per assaporare al meglio gli spaghetti cacio e pepe!",
	"ingredienti":[{"nome":"Spaghetti",
			    "quantita":"320 g"},
			   {"nome":"Pecorino romano",
			    "quantita":"(stagionatura media) 200 g da grattugiare"},
			   {"nome":"Pepe nero in grani",
			    "quantita":"5 g"}],
	"passi":["Per preparare gli spaghetti cacio e pepe per prima cosa mettete sul fuoco una pentola con l''acqua per cuocere la pasta: riempitela con circa meta dell''acqua che usate di solito, in questo modo sara piu'' ricca di amido. Nel frattempo grattugiate il Pecorino romano e trasferitelo quasi tutto in una ciotola, tenendone un po'' da parte per l''impiattamento. Quando l''acqua sara arrivata a bollore, salate moderatamente e tuffate gli spaghetti. Intanto pestate i grani di pepe con un batticarne (oppure usate un macinino lasciandolo piuttosto lento in modo da avere anche pezzetti piu'' grandi di pepe).",
		   "Versate il pepe in un''ampia padella antiaderente e tostatelo a fuoco dolce, mescolando con un mestolo di legno. Sfumate con un paio di mestoli dell''acqua di cottura della pasta. Continuate a mescolare a fuoco dolce.",
		   "Scolate gli spaghetti 2-3 minuti prima rispetto al tempo indicato sulla confezione e trasferiteli nella padella, avendo cura di conservare l''acqua di cottura. Terminate la cottura degli spaghetti in padella, risottandoli, aggiungendo quindi acqua calda al bisogno e rimestando continuamente con le pinze. Aspettate che il fondo della padella sia quasi asciutto prima di aggiungere altra acqua.",
		   "Potete preparare la crema di Pecorino (non iniziate prima perche'' tenderebbe a rapprendersi o a risultare troppo fredda rispetto alla temperatura della pasta): versate un mestolo di acqua di cottura calda nella ciotola con il Pecorino grattugiato, poi mescolate energicamente con una frusta a mano. La consistenza che dovrete ottenere e'' piu'' pastosa che cremosa, non preoccupatevi se sara molto asciutta. Qualora una volta pronta la crema la pasta non dovesse essere pronta per la mantecatura, ponete brevemente la ciotola sulla pentola con l''acqua calda continuando a mescolare con la frusta, cosi'' da avere la crema a una temperatura simile a quella della pasta.",
		   "Quando gli spaghetti saranno giunti a cottura, spegnete il fuoco e unite la crema di Pecorino, rimestando di continuo con le pinze. Per la cremosita ideale regolatevi aggiungendo piu'' Pecorino oppure poca acqua di cottura al bisogno. Servite i vostri spaghetti cacio e pepe spolverizzando con il restante Pecorino grattugiato e altro pepe macinato al momento a piacere!"],
	"conservazione":"Si consiglia di consumare immediatamente gli spaghetti cacio e pepe.",
	"suggerimenti":"E'' importante che l''acqua di cottura della pasta sia ricca di amido perche'' vi aiutera ad ottenere un condimento cremoso e senza grumi. Se preferite testare la vostra abilita nel realizzare la cacio e pepe, il consiglio e'' realizzare meta dose in modo che sia piu'' semplice gestire gli ingredienti della crema al formaggio. Gli amanti della pasta corta possono utilizzare mezze maniche o rigatoni al posto degli spaghetti! Esiste anche una gustosa versione con i pici, tipica della Toscana. Una chicca? Se desiderate sgrassare leggermente il piatto potete grattugiare nella crema al Pecorino un po'' di scorza di limone: i puristi non ve ne vorranno.",
	"tags":["Primi",
		  "Piatti veloci",
		  "Piatti vegetariani",
		  "Facili e veloci"]},

	{"autore":"Messi",
	"titolo":"Marmellata alle arance",
	"difficolta":"Facile",
	"preparazione":"15",
	"cottura":"60",
	"numeroDosi":"2 pezzi",
	"costo":"Basso",
	"presentazione":"Sono succose, ricche di vitamina C, sono perfette da spremere... e da conservare! Come nella ricetta di oggi: la marmellata di arance. Un modo perfetto per conservare tutto il gusto di questi frutti invernali e imprigionarlo in una fragrante crostata o stenderne un velo su fette biscottate croccanti. Uno spicchio d''inverno che potrete tenere in dispensa e concedervi quando piu'' lo desidererete. Per coloro che vogliono scoprire un gusto speciale e ricercato la marmellata si accostera benissimo anche con abbinamenti salati. Servitela insieme a dei formaggi a pasta dura, oppure aggiungete un pizzico di pepe e utilizzatela per arricchire i vostri panini, meglio se integrali, prima di piastrarli.",
	"ingredienti":[{"nome":"Arance",
			    "quantita":"tipo Navel 2 kg"},
			   {"nome":"Zucchero",
			    "quantita":"400 g"}],
	"passi":["Per preparare la marmellata di arance, iniziate dalla sanificazione dei barattoli e dei tappi, facendo riferimento alle linee guida del Ministero della Salute riportate in fondo alla ricetta. Mentre i barattoli bollono, iniziate la preparazione: come prima cosa pelate le arance a vivo, eliminando tutta la parte bianca.",
		   "Dividete poi la polpa di ciascun arancia a meta; Dividete poi la polpa di ciascun arancia a meta. Ripetete la stessa operazione per tutte le arance fino ad ottenere 1 kg di polpa di arance. Trasferitela poi in un tegame e unite lo zucchero.",
		   "Spostate sul fornello a fiamma media e non appena lo zucchero si sara sciolto e la polpa avra iniziato a disfarsi, abbassate la fiamma. Lasciate sobollire mescolando di tanto in tanto. Utilizzando un termometro per alimenti misurate la temperatura della marmellata di arance e non appena avra raggiunto i 108° spegnete il fuoco; ci vorranno circa 60 minuti.",
		   "Utilizzando un imbuto trasferite la confettura calda nei vasetti, poi ripulite bene i bordi se dovessero essersi sporcati e chiudete con i propri coperchi, stringendo piuttosto energicamente. Capovolgete i vasetti e lasciateli raffreddare in questo modo prima di rimetterli in posizione eretta. Una volta che i barattoli si saranno raffreddati verificate se il sottovuoto e'' avvenuto correttamente: potete pigiare al centro del tappo e se non sentirete il classico click-clack il sottovuoto sara avvenuto. La vostra marmellata di arance e'' pronta, attendete qualche giorno prima di gustarla!"],
	"conservazione":"Conservare la marmellata di arance in dispensa per 5 mesi al massimo. Prima di consumarla verificate sempre che il sottovuoto si sia mantenuto nel tempo. Le marmellate fatte in casa, contenenti una percentuale di zucchero inferiore al peso complessivo della frutta, hanno tempi di conservazione inferiori rispetto a quelle con pari dose di zucchero e frutta, che possono durare anche un anno. Se il barattolo e'' stato aperto, conservare la marmellata in frigo e consumarla entro 3 settimane.",
	"suggerimenti":"Se non disponete di un termometro da cucina per verificare che la vostra confettura sia pronta fate la prova del piattino: prendete un cucchiaio della marmellata calda e ponetelo su un piattino, aspettate un paio di minuti quindi inclinatelo; se la marmellata non scivolera via rapidamente siginfica che e'' pronta. Se i filamenti interni delle arance dovessero risultare troppo spessi separate gli spicchi utilizzando un coltello e facendo un''incisione sulla membrana interna da entrambi i lati. Poi bastera tagliare gli spicchi a meta e procedere normalmente.",
	"tags":["Ricette vegetariane",
		  "Marmellate",
		  "Dolci"]},

	{"autore":"Messi",
	"titolo":"Pasta per la pizza",
	"difficolta":"Facile",
	"preparazione":"30",
	"cottura":"0",
	"numeroDosi":"3 pezzi",
	"costo":"Molto basso",
	"presentazione":"Soffice dalla crosta o cornicione (come lo chiamano a Napoli) rigonfio. Bassa e croccante, alta e morbida: la pizza ha tante facce, noi oggi vi mostriamo quella piu'' classica, comune e perfetta da fare in casa in poche ore. La pasta per la pizza che vi proponiamo, infatti, lievita per circa 6 ore: potrete quindi organizzarvi per prepararla in giornata e gustarla la sera con i condimenti che piu'' preferite. Una ricetta di base semplice per una pizza fatta in casa che si prepara con pochi ingredienti e poi si guarnisce come meglio si crede, magari conferendo anche una forma insolita, come la nostra soffice ciambella pizza. Siete pronti per mettere le mani in pasta? Oggi scopriamo tutti i segreti per preparare la pasta per la pizza, perfetta anche per preparare una buonissima pizza rustica!",
	"ingredienti":[{"nome":"Farina Manitoba",
			    "quantita":"200 g"},
			   {"nome":"Farina 00",
			    "quantita":"300 g"},
			   {"nome":"Acqua",
			    "quantita":"a temperatura ambiente 300 ml"},
			   {"nome":"Sale fino",
			    "quantita":"10 g"},
			   {"nome":"Lievito di birra fresco",
			    "quantita":"(oppure 1,5 se secco) 4 g"}],
	"passi":["Per preparare la pasta per la pizza abbiamo scelto di impastare il tutto a mano, ma se preferite utilizzare l''impastatrice potrete seguire lo stesso procedimento, utilizzando il gancio a velocita medio bassa. Come prima cosa versate le due farine in una ciotola, sbriciolate il lievito all''interno e versate un po'' della dose di acqua. La temperatura ideale dell''acqua e'' di 25°.",
		   "Mescolate con un mestolo di legno e aggiungete lentamente l''acqua. Continuate sempre a mescolare e quando avrete aggiunto circa meta dell''acqua potrete aggiungere anche il sale.",
		   "Unite poi l''acqua rimasta, sempre lentamente, sino ad ottenere un composto omogeneo; aiutatevi con le mani per lavorarlo meglio. Infine trasferite l''impasto sul piano da lavoro e lavoratelo con le mani fino a che non sara liscio e omogeneo.",
		   "Ottenuto un bel panetto liscio, lasciatelo riposare sul piano di lavoro per una decina di minuti coprendolo con la ciotola. Una volta riposato dategli una piccola piega: immaginate che la sfera sia divisa in 4 parti, prendete l''estremita di ognuna, tiratela delicatamente e ripiegatela verso il centro. Date poi una piega all''impasto.",
		   "Rigiratelo su se stesso, dategli la forma di una sfera. Trasferite l''impasto cosi'' formato in una ciotola, coprite con pellicola trasparente e lasciate lievitare. Per comodita potete mettere la ciotola in forno spento ma con la luce accesa, cosi'' l''interno raggiungera la temperatura di 26-28°, ideale per la lievitazione; in alternativa potete anche tenere la bacinella in un luogo caldo. I tempi sono approssimativi poiche'' ogni impasto, la temperatura e le condizioni metereologiche influenzano la lievitazione: mediamente l''impasto dovrebbe impiegare 6 ore a raddoppiare di volume.",
		   "Trascorso il tempo della lievitazione, l''impasto sara bello gonfio, quindi trasferitelo sul piano da lavoro e dividetelo con un tarocco in 3 pezzi da 265 g. Se dovesse servirvi, potete infarinare leggermente il piano di lavoro. Ora prendete ciascuna porzione e come fatto prima sollevate un lembo di pasta e portatelo verso l''interno.",
		   "Rifate poi la stessa cosa per gli altri 3 lembi di pasta. Allungate quindi l''impasto piegandolo su se stesso e procedete con la pirlatura: pirlare l''impasto significa farlo girare con le mani sul ripiano di lavoro portandolo verso di voi e poi allontanandolo ripetutamente fino ad ottenere una sfera liscia e regolare.",
		   "Trasferite man mano i panetti in una cassetta per pizza precedentemente unta, coprite con il coperchio e lasciateli riposare per altri 30 minuti, prima di poter tirare l''impasto per la pizza e condirlo a vostro piacimento!"],
	"conservazione":"Una volta lievitato l''impasto va cotto. Se preferite conservarlo si puo'' ridurre la quantita di lievito, coprire la ciotola con pellicola e lasciar maturare in frigorifero per 8-12 ore. Trascorso il tempo sara sufficiente lasciar acclimatare l''impasto e poi proseguire come da ricetta. La pasta per la pizza una volta lievitata puo'' anche essere congelata, meglio se divisa gia in porzioni, e conservata in un sacchetto gelo. Successivamente sara sufficiente lasciar scongelare la propria porzione a temperatura ambiente e proseguire come da ricetta. Se preferite potete anche congelare la pizza da semi cotta: bastera effettuare meta cottura, lasciarla raffreddare e infine congelarla avvolgendola nella pellicola; successivamente bastera cuocerla, ancora congelata, ad una temperatura un po'' piu'' bassa.",
	"suggerimenti":"Il nostro impasto per la pizza in gergo si dice che e'' tagliato. Significa che sono presenti due tipi di farine la 00 e quella manitoba. Il che significa che il basso valore proteico di una e quello alto dell''altra creeranno un valore perfetto per la pizza, che e'' compreso tra w260 e w300. La lettera W e'' indice della percentuale di proteine presenti nella farina. Un valore basso corrisponde ad una farina debole, in genere le piu'' indicate per i dolci. Un valore alto valore favorisce gli impasti lievitati perche'' piu'' ricco di glutine. Cos''e'' il glutine? In sintesi e'' una proteina che si sviluppa impastando acqua e farina e ha proprieta elasticizzanti. Se preferite aggiungere olio all''impasto, lasciate tutto invariate e unite 35 g di olio durante la lavorazione.",
	"tags":["Pizze e focacce",
		  "Pasta fresca"]},

	{"autore":"Gordon_Ramsey",
	"titolo":"Guacamole",
	"difficolta":"Molto facile",
	"preparazione":"20",
	"cottura":"0",
	"numeroDosi":"6 persone",
	"costo":"Basso",
	"presentazione":"Dici guacamole ed e'' subito fiesta! La famosa salsa messicana a base di avocado non puo'' mancare per l''aperitivo a base di nachos e viene spesso utilizzata per farcire sfiziose tortillas e fajitas. Prepararla in casa e'' molto semplice: oltre a un avocado ben maturo vi serviranno solo cipolla, lime, coriandolo e infine del pomodoro, per aggiungere un tocco di freschezza! La ricetta autentica prevede l''utilizzo del molcajete, il tipico mortaio che vi assicurera una consistenza morbida e rustica al tempo stesso. Noi abbiamo usato un mortaio da pesto, in in alternativa andra benissimo anche una forchetta.",
	"ingredienti":[{"nome":"Avocado",
			    "quantita":"(2) 500g"},
			   {"nome":"Cipolle bianche",
			    "quantita":"(mezza) 35 g"},
			   {"nome":"Succo di lime",
			    "quantita":"35 g"},
			   {"nome":"Coriandolo",
			    "quantita":"q.b."},
			   {"nome":"Pomodori ramati",
			    "quantita":"1"},
			   {"nome":"Sale fino",
			    "quantita":"1 pizzico"}],
	"passi":["Per preparare il guacamole, per prima cosa mondate e tritate finemente la cipolla, poi tritate anche il coriandolo. Dividete l''avocado a meta ed estraete il nocciolo.",
		   "Prelevate la polpa con l''aiuto di un cucchiaio e versatela all''interno di un mortaio. Aggiungete il succo di lime e cominciate a pestare fino ad ottenere una crema.",
		   "Unite anche la cipolla tritata e il coriandolo e pestate ancora per amalgamare il tutto, poi aggiustate di sale. Se vi piace il piccante, a questo punto potete aggiungere del peperoncino fresco o qualche goccia di tabasco.",
		   "In ultimo riducete il pomodoro a dadini e aggiungetelo sulla salsa. La vostra salsa guacamole e'' pronta per essere servita!"],
	"conservazione":"Potete conservare il guacamole in frigorifero per 2 giorni al massimo, in un contenitore ermetico.",
	"suggerimenti":"Il segreto di un buonissimo guacamole e'' sicuramente l''utilizzo di avocado ben maturi che alla pressione delle dita devono risultare morbidi, ma non troppo molli. Se non avete un mortaio potete utilizzare una forchetta per lavorare l''avocado. La cipolla bianca si puo'' sostituire con quella rossa o con del cipollotto fresco. Se non gradite il sapore del coriandolo potete ometterlo o sostituirlo con il prezzemolo.",
	"tags":["Antipasti",
		  "Antipasti veloci",
		  "Piatti veloci",
		  "Piatti vegetariani"]},

	{"autore":"Gordon_Ramsey",
	"titolo":"Torta tenerina",
	"difficolta":"Facile",
	"preparazione":"20",
	"cottura":"25",
	"numeroDosi":"8 persone",
	"costo":"Medio",
	"presentazione":"La torta tenerina e'' un dolce tipico della citta di Ferrara, che grazie alla sua golosita ha conquistato tutto il paese... nessuno infatti riesce a resistere ad una fetta di questa fantastica torta al cioccolato! Sara merito della fragrante crosticina esterna o della sua consistenza fondente che si scioglie in bocca ad ogni assaggio? Noi ci siamo innamorati di entrambi, ma una cosa e'' certa: il suo intenso sapore di cioccolato mette d''accordo tutti! La torta tenerina e'' una torta con pochi ingredienti, senza lievito che ha la particolarita di rimanere bassa e umida all''interno, proprio come il nome suggerisce: nel dialetto ferrarese veniva chiamata anche Torta Taclenta, che in italiano significa appiccicosa. Un dessert semplice da realizzare, dal successo garantito: per esaltare tutto il suo sapore provate a servirlo insieme ad una delicata crema al mascarpone, sentirete che bonta.. perfetta per ogni occasione e per la festa del papa!",
	"ingredienti":[{"nome":"Cioccolato fondente al 55%",
			    "quantita":"200 g"},
			   {"nome":"Burro",
			    "quantita":"100 g"},
			   {"nome":"Uova",
			    "quantita":"medie 4"},
			   {"nome":"Zucchero",
			    "quantita":"150 g"},
			   {"nome":"Farina 00",
			    "quantita":"50 g"},
			   {"nome":"Zucchero a velo",
			    "quantita":"q.b."}],
	"passi":["Per preparare la torta tenerina iniziate a tritare finemente il cioccolato, poi trasferitelo in una bastardella posta in un tegame con acqua (possibilmente l''acqua non dovrebbe venire a contatto con il fondo della bastardella o pentolino in cui avete versato il cioccolato) e scioglietelo a bagnomaria, mescolando di continuo. Solo quando il cioccolato sara gia sciolto, ma non eccessivamente caldo unite il burro a pezzetti.",
		   "Lasciate sciogliere anche questo continuando a mescolare. Poiche'' l''esatta temperatura di fusione del cioccolato e'' intorno ai 50°, il burro va aggiunto solo quando il cioccolato e'' sciolto, facendo in modo che non superi il suo punto di fusione (che e'' di circa 32°), ed evitando quindi che si separi. Lasciate intiepidire il composto di cioccolato e burro, mescolandolo di tanto in tanto, e nel frattempo separate i tuorli dagli albumi in due ciotole differenti e capienti. A questo punto aggiungete a questi ultimi meta dello zucchero e montateli fino ad ottenere un composto fermo e spumoso.",
		   "Tenete da parte gli albumi montati a neve e versate nei tuorli la parte restante di zucchero, poi montate il tutto a velocita moderata fino ad ottenere un composto chiaro e spumoso. A questo punto con le fruste ancora in azione versate a filo il composto di cioccolato e burro ormai tiepido.",
		   "Continuate a sbattere fino a che non otterrete un composto uniforme. Aggiungete a questo punto gli albumi montati a neve in piu'' riprese: aggiungete inizialmente circa 1/3 degli albumi mescolando con una spatola o con una frusta.",
		   "Incorporate poi gli albumi restanti questa volta mescolando delicatamente dal basso verso l''alto. Unite la farina, precedentemente setacciata e mescolate sempre con una spatola facendo dei movimenti delicati dal basso verso l''alto.",
		   "Dovrete ottenere un composto liscio ed uniforme. A questo punto imburrate e infarinate uno stampo a cerniera da 24-26 cm (cosi'' sara piu'' facile sformare la torta tenerina) e versate al suo interno l''impasto appena preparato (17-18). Cuocete in forno statico preriscaldato a 180° per 25 minuti (si sconsiglia l''utilizzo del forno ventilato che potrebbe cuocere troppo l''esterno della torta e troppo poco la parte interna).",
		   "Una volta sfornata lasciate raffreddare la vostra torta tenerina prima di sformarla. Decorate con zucchero a velo e servite."],
	"conservazione":"La torta tenerina si conserva sotto una campana di vetro per 3 giorni, a temperatura ambiente.",
	"suggerimenti":"Al posto del bagnomaria potete sciogliere cioccolato e burro anche nel microonde. Se amate una torta tenerina bassa utilizzate uno stampo da 26 cm, se la preferite un po'' piu'' alta usate uno stampo grande 24 cm. In entrambi i casi e'' preferibile usare uno stampo a cerniera, in questo modo sara piu'' facile sformare il dolce. Se amate una torta tenerina bassa utilizzate uno stampo da 26 cm, se la preferite un po'' piu'' alta usate uno stampo grande 24 cm. In entrambi i casi e'' preferibile usare uno stampo a cerniera, in questo modo sara piu'' facile sformare il dolce.",
	"tags":["Dolci",
		  "Dolci veloci",
		  "Torte",
		  "Torte veloci",
		  "Piatti veloci"]},

	{"autore":"Gordon_Ramsey",
	"titolo":"Dolcetti al cocco",
	"difficolta":"Molto facile",
	"preparazione":"10",
	"cottura":"10",
	"numeroDosi":"16 pezzi",
	"costo":"Molto basso",
	"presentazione":"I dolcetti al cocco sono facilissimi da fare e si possono realizzare con gli albumi avanzati da altre ricette! Quante volte vi sara capitato di fare una crema pasticcera o un dessert che richiedeva solo l''utilizzo dei tuorli? Oltre alle solite meringhe per riutilizzare gli albumi ci sono altri dolcissimi come quello che vi proponiamo qui! Con tre semplici ingredienti ed una manciata di minuti riuscirete a preparare questi deliziosi biscottini, caratterizzati da una fragrante crosticina esterna e un cuore morbido! I dolcetti al cocco racchiudono tutto il gusto di questo fantastico frutto. In questo caso diventa protagonista assoluto assieme agli albumi e vi permettera di realizzare questi graziosi ciuffetti perfetti per arricchire un buffet di compleanno, per accompagnare una tisana o il te'' delle 5.",
	"ingredienti":[{"nome":"Farina di cocco",
			    "quantita":"50 g"},
			   {"nome":"Zucchero",
			    "quantita":"120 g"},
			   {"nome":"Albumi",
			    "quantita":"(di circa 3 uova medie) 90 g"}],
	"passi":["Per preparare i dolcetti al cocco come prima cosa versate in una ciotola la farina di cocco e lo zucchero. Unite anche gli albumi e mescolate con un cucchiaio oppure con una spatola.",
		   "Dovrete ottenere un composto omogeneo e compatto, sara piuttosto asciutto ma non preoccupatevi in quanto e'' la consistenza giusta che deve avere. Trasferite l''impasto in una sacca da pasticcere molto resistente (oppure usatene una di stoffa), dotata di una bocchetta liscia da 15 mm (evitate di usare bocchette piu'' piccole altrimenti l''impasto non uscira agevolmente). Rivestite una teglia con carta forno e spremete dei ciuffetti: tenete la sac-a-poche stringendo bene vicino alla bocchetta con una mano e con l''altra spremete per far fuoriuscire l''impasto. Cosi'' verranno dei dolcetti a forma di fiammella di circa 16 g l''uno. Se trovate la procedura troppo complessa, potete realizzare delle palline con le mani, ovviamente si perdera la forma.",
		   "Continuate in questo modo distanziandoli, in modo da ottenere 16 biscottini. Cuocete in forno ventilato preriscaldato a 200° per 10 minuti, sino a che non saranno ben dorati. Sfornateli e lasciateli raffreddare prima di spostarli in un piatto e servirli."],
	"conservazione":"Potete conservare i dolcetti al cocco per 3-4 giorni ben chiusi in un contenitore. Si sconsiglia la congelazione.",
	"suggerimenti":"Se volete dare un gusto ancora piu'' coccoso aggiungete prima di infornarli una spolverata di cocco rape'', oppure aromatizzate l''impasto con scorza di lime grattugiata! Per la ricetta va usata farina di cocco, non cocco rape'' o altre tipologie di prodotto. L''impasto risulta molto asciutto, ma tenendo la sac-a-poche come mostrato e aiutandosi per formare i biscottini sulla teglia riuscirete a realizzarli senza problemi.",
	"tags":["Dolci",
		  "Dolci veloci",
		  "Piatti veloci",
		  "Finger food",
		  "Ricette al forno"]},

	{"autore":"Gordon_Ramsey",
	"titolo":"Polpettine di tonno e ricotta",
	"difficolta":"Facile",
	"preparazione":"20",
	"cottura":"10",
	"numeroDosi":"20 pezzi",
	"costo":"Basso",
	"presentazione":"Le polpettine di tonno e ricotta sono una ricetta molto appetitosa, indicate da servire calde sia come antipasto che come secondo piatto, una variante delle classiche polpette di pesce facile e veloce... insomma un modo diverso per mangiare il solito tonno sott''olio, un prezioso ingrediente salvacena che non manca mai in casa! La panatura croccante avvolge la morbidezza dell''interno, data proprio dal tonno amalgamato con la ricotta e insaporito dai capperi e dalle acciughe. Scoprite come preparare queste gustose polpettine e provate anche la variante con le patate o le nostre gustose crocchette di spinaci... le polpettine di tonno e ricotta vi faranno fare un figurone e certamente spariranno in un lampo!",
	"ingredienti":[{"nome":"Tonno sott''olio",
			    "quantita":"sgocciolato 230 g"},
			   {"nome":"Ricotta vaccina",
			    "quantita":"200 g"},
			   {"nome":"Acchiughe (alici)",
			    "quantita":"filetti sott''olio 20 g"},
			   {"nome":"Capperi sotto sale",
			    "quantita":"20 g"},
			   {"nome":"Pangrattato",
			    "quantita":"90 g"},
			   {"nome":"Prezzemolo",
			    "quantita":"da tritare 8 g"},
			   {"nome":"Uova",
			    "quantita":"medie 2"},
			   {"nome":"Parmigiano Reggiano DOP",
			    "quantita":"50 g"},
			   {"nome":"Sale fino",
			    "quantita":"q.b."},
			   {"nome":"Pepe nero",
			    "quantita":"q.b."},
			   {"nome":"Olio di semi di arachide",
			    "quantita":"q.b."}],
	"passi":["Per preparare le polpettine di tonno e ricotta iniziate dalla preparazione dell''impasto. Unite in una ciotola la ricotta, il parmigiano grattugiato, il tonno sbriciolato e le acciughe sgocciolate.",
		   "Aggiungete i capperi (preventivamente sciacquati), il prezzemolo tritato, il pangrattato e in ultimo le uova leggermente sbattute, quindi iniziate a mescolare il composto con una forchetta.",
		   "Miscelate insieme tutti gli ingredienti, aggiungete il sale e il pepe e terminate di impastare con le mani fino ad avere un composto compatto ed omogeneo: se il composto dovesse risultare troppo morbido potete aggiungere ancora un po'' di formaggio, in caso contrario potete ammorbidirlo con qualche goccia di latte. A questo punto inumidite leggermente le mani e prelevate delle piccole porzioni di impasto del peso di circa 30 grammi a cui darete la classica forma a polpettina, tonda e leggermente schiacciata.",
		   "Dopo aver formato tutte le polpette, passatele nel pangrattato e scaldate l''olio di semi in un pentolino fino alla temperatura di 180°. Friggete poche polpettine alla volta: basteranno pochi istanti per farle diventare belle dorate.",
		   "Quando le polpettine si saranno dorate, scolatele e trasferitele su della carta assorbente da cucina per eliminare l''olio in eccesso. Servite le vostre polpettine di tonno e ricotta ancora calde!"],
	"conservazione":"Potete congelare le polpette di tonno e ricotta ancora crude e poi scongelarle e friggerle all''occorrenza. Una volta cotte potete consumarle al momento o conservarle in frigorifero, chiuse in un contenitore ermetico, al massimo per 1-2 giorni.",
	"suggerimenti":"Per accompagnare le polpettine di ricotta e tonno potete optare per un''insalatina mista o delle carote alla julienne, condite magari con una saporita vinaigrette. Se volete evitare il fritto, potete cuocere le polpette di ricotta e tonno anche in forno a 200° per 15 minuti, o fino a che non si saranno dorate.",
	"tags":["Antipasti",
		  "Antipasti veloci",
		  "Secondi",
		  "Pesce",
		  "Piatti veloci",
		  "Finger food"]}]

}